Berichtsstart,Berichtsende,"Name der Anzeige",Anzeigenauslieferung,Ergebnisse,"Indikator für Ergebnisse","Kosten pro Ergebnis","Name der Anzeigengruppe",Anzeigengruppenbudget,"Art des Anzeigengruppenbudgets","Ausgegebener Betrag (EUR)",Impressionen,"Hook Rate","Hold Rate",Reichweite,Attributionseinstellung,Gebot,Gebotsart,"Ranking nach Qualität","Ranking nach Conversion Rate",Website-Käufe,"CPM (Kosten pro 1.000 Impressionen) (EUR)",Käufe,"ROAS (Return on Ad Spend) für Käufe","3-sekündige Videowiedergaben","CPC (alle) (EUR)","CTR (alle)","Ausgehende CTR (Klickrate)","Klicks (alle)","CTR (Link-Klickrate)","Direkte Website-Käufe","Conversion-Wert für Käufe","Kosten pro Kauf (EUR)","„In den Einkaufswagen“","„In den Einkaufswagen“ – Conversion-Wert","Kosten pro „In den Einkaufswagen“ (EUR)","„In den Einkaufswagen“ auf Website",ThruPlays,Link-Klicks,"Durchschnittliche Videowiedergabedauer",Anzeigen-ID,"Videowiedergaben bis 25 %","Videowiedergaben bis 50 %","Videowiedergaben bis 75 %","Videowiedergaben bis 95 %","Videowiedergaben bis 100 %","(Erste) Ergebnisse","Indikator für (erste) Ergebnisse"
2026-02-01,2026-09-30,"Christina Braun - GT- hook 3",not_delivering,25,actions:offsite_conversion.fb_pixel_purchase,36.7652,"BROAD - DE+AT + Max Conv. 18.04.26",35,Täglich,919.13,74868,0.15042475,0.20955425,53165,"7 Tage (Klick), 1 Tag (Aufruf) oder 7 Tage (Engaged-View)",0,ABSOLUTE_OCPM,–,–,25,12.276674,25,1.571399,11262,1.129152,1.087247,0.741305,814,0.741305,25,1444.32,36.7652,123,3476.13,7.472602,123,2360,555,2,120249018655670583,3312,1328,622,240,221,,
2026-02-01,2026-09-30,"Christina Braun - GT- hook 1",not_delivering,6,actions:offsite_conversion.fb_pixel_purchase,50.505,"BROAD - DE+AT + Max Conv. 18.04.26",45,Täglich,303.03,21609,0.14540238,0.24697645,16227,"7 Tage (Klick), 1 Tag (Aufruf) oder 7 Tage (Engaged-View)",0,ABSOLUTE_OCPM,–,–,6,14.023324,6,0.733096,3142,1.284025,1.092138,0.717294,236,0.717294,6,222.15,50.505,31,870.95,9.775161,31,776,155,3,120249018705400583,790,365,160,95,81,,
2026-02-01,2026-09-30,"Tiktok Video- marina meister",not_delivering,,,,"BROAD - Tiktok- MB –",35,Täglich,89.16,6393,0.1550133,0.19374369,4869,"7 Tage (Klick)",0,ABSOLUTE_OCPM,–,–,,13.946504,,,991,1.486,0.938527,0.610042,60,0.610042,0,,,4,119.8,22.29,4,192,39,2,120249018952920583,340,117,85,70,59,,
2026-02-01,2026-09-30,melissa-gutmann-hook2,not_delivering,7,actions:offsite_conversion.fb_pixel_purchase,59.44714286,26.05.Broad-DE+AT-WM+25+,25,Täglich,416.13,23682,0.17620978,0.24682483,14504,"7 Tage (Klick)",0,ABSOLUTE_OCPM,–,–,7,17.571573,7,1.136159,4173,1.316867,1.334347,1.021873,316,1.106325,7,472.79,59.447143,53,1074.75,7.851509,53,1030,262,3,120249807021520583,2366,1361,508,362,336,,
2026-02-01,2026-09-30,melissa-gutmann-hook1,not_delivering,,,,26.05.Broad-DE+AT-WM+25+,45,Täglich,72.51,4177,0.03351688,0.17142857,3257,"7 Tage (Klick)",0,ABSOLUTE_OCPM,–,–,,17.359349,,,140,1.272105,1.364616,1.029447,57,1.053388,0,,,2,139.9,36.255,2,24,44,3,120249807321140583,59,26,10,7,7,,
2026-02-01,2026-09-30,melissa-gutmann-hook3,not_delivering,8,actions:offsite_conversion.fb_pixel_purchase,44.56625,26.05.Broad-DE+AT-WM+25+,35,Täglich,356.53,22425,0.08923077,0.27186407,14618,"7 Tage (Klick)",0,ABSOLUTE_OCPM,–,–,8,15.898774,8,1.091184,2001,1.381899,1.150502,0.865106,258,0.96767,8,389.04,44.56625,29,791.55,12.294138,29,544,217,2,120249807337310583,900,518,154,116,107,,
2026-02-01,2026-09-30,"stefanie Anika GT",not_delivering,1,actions:offsite_conversion.fb_pixel_purchase,137.75,"BROAD - Anika GT-27.03",35,Täglich,137.75,6429,0.15398973,0.23636364,4405,"7 Tage (Klick), 1 Tag (Aufruf) oder 7 Tage (Engaged-View)",0,ABSOLUTE_OCPM,–,–,1,21.426349,1,0.252995,990,1.766026,1.213252,0.917717,78,0.917717,1,34.85,137.75,16,479.2,8.609375,16,234,59,2,120249823470650583,370,98,63,35,32,,
2026-02-01,2026-09-30,christinabraun-hook1–,not_delivering,,,,27.03.Broad-DE+AT-WM+25+,45,Täglich,41.65,3364,0.05112961,0.15697674,2710,"7 Tage (Klick), 1 Tag (Aufruf) oder 7 Tage (Engaged-View)",0,ABSOLUTE_OCPM,–,–,,12.381094,,,172,1.4875,0.832342,0.624257,28,0.713436,0,,,3,119.8,13.883333,3,27,24,3,120249823753090583,41,14,8,6,6,,
2026-02-01,2026-09-30,christinabraun-hook2,not_delivering,7,actions:offsite_conversion.fb_pixel_purchase,37.69142857,"27.03.Broad-DE+AT-WM+25+ – Kopie",45,Täglich,263.84,19707,0.20759121,0.1535077,15277,"7 Tage (Klick), 1 Tag (Aufruf) oder 7 Tage (Engaged-View)",0,ABSOLUTE_OCPM,–,–,7,13.388136,7,0.924955,4091,0.973579,1.375146,1.070686,271,1.141726,7,244.04,37.691429,26,667.85,10.147692,26,628,225,3,120249823816990583,989,403,247,154,137,,
2026-02-01,2026-09-30,"Bilder tofu",not_delivering,8,actions:offsite_conversion.fb_pixel_purchase,35.85875,"27.03.Broad-DE+AT-WM+25+ – Kopie",45,Täglich,286.87,30679,3.26E-5,0,10976,"7 Tage (Klick), 1 Tag (Aufruf) oder 7 Tage (Engaged-View)",0,ABSOLUTE_OCPM,–,–,8,9.350696,8,2.354028,1,0.591485,1.580886,1.3299,485,1.391832,8,675.3,35.85875,27,1426.65,10.624815,27,,427,2,120249823817000583,,,,,,,
2026-02-01,2026-09-30,"Bilder tofu",not_delivering,1,actions:offsite_conversion.fb_pixel_purchase,16.61,27.03.Broad-DE+AT-WM+25+,35,Täglich,16.61,1311,0.00076278,0,1136,"7 Tage (Klick), 1 Tag (Aufruf) oder 7 Tage (Engaged-View)",0,ABSOLUTE_OCPM,–,–,1,12.669718,1,2.81457,1,0.977059,1.29672,0.762777,17,0.991609,1,46.75,16.61,,,,,,13,2,120249823843170583,,,,,,,
2026-02-01,2026-09-30,christinabraun-hook3,not_delivering,,,,27.03.Broad-DE+AT-WM+25+,35,Täglich,25.14,2069,0.04156597,0.29069767,1735,"7 Tage (Klick), 1 Tag (Aufruf) oder 7 Tage (Engaged-View)",0,ABSOLUTE_OCPM,–,–,,12.150797,,,86,0.810968,1.498308,1.208313,31,1.256646,0,,,2,159.8,12.57,2,25,26,2,120249823843180583,30,14,10,4,4,,
2026-02-01,2026-09-30,"Tiktok I Split Screen I 1+1 I V1",not_delivering,,,,"26.05.2025 I Broad I DE + AT I WM +25",35,Täglich,43.73,2789,0.21799928,0.18585526,2110,"7 Tage (Klick), 1 Tag (Aufruf) oder 7 Tage (Engaged-View)",0,ABSOLUTE_OCPM,–,–,,15.679455,,,608,1.61963,0.968089,0.968089,27,0.968089,0,,,3,89.85,14.576667,3,113,27,3,120251925751180583,165,88,59,23,22,,
2026-02-01,2026-09-30,"Tiktok I Split Screen I 1+1 I V2",not_delivering,,,,"26.05.2025 I Broad I DE + AT I WM +25",35,Täglich,26.9,1782,0.15768799,0.17081851,1458,"7 Tage (Klick), 1 Tag (Aufruf) oder 7 Tage (Engaged-View)",0,ABSOLUTE_OCPM,–,–,,15.095398,,,281,1.68125,0.897868,0.448934,16,0.448934,0,,,,,,,48,8,2,120251927783530583,85,42,32,12,11,,
2026-02-01,2026-09-30,"Tiktok I Split Screen I 1+1 I V3",not_delivering,,,,"26.05.2025 I Broad I DE + AT I WM +25",35,Täglich,43.49,3126,0.21880998,0.19590643,2533,"7 Tage (Klick), 1 Tag (Aufruf) oder 7 Tage (Engaged-View)",0,ABSOLUTE_OCPM,–,–,,13.912348,,,684,1.449667,0.959693,0.799744,30,0.799744,0,,,,,,,134,25,3,120251929134310583,246,106,46,24,23,,
2026-02-01,2026-09-30,"Tiktok I Split Screen I 1+1 I original video",not_delivering,2,actions:offsite_conversion.fb_pixel_purchase,38.765,"26.05.2025 I Broad I DE + AT I WM +25",35,Täglich,77.53,5418,0.25802879,0.16380544,4966,"7 Tage (Klick), 1 Tag (Aufruf) oder 7 Tage (Engaged-View)",0,ABSOLUTE_OCPM,–,–,2,14.309708,2,0.964659,1398,1.803023,0.793651,0.590624,43,0.590624,2,74.79,38.765,10,175.6,7.753,10,229,32,3,120251929506980583,334,206,68,33,31,,
2026-02-01,2026-09-30,"christina Braun I MB I Hook 1-3",not_delivering,,,,"26.05.2025 I Broad I DE + AT I WM +25",35,Täglich,30.05,2297,0.21114497,0.12989691,2078,"7 Tage (Klick), 1 Tag (Aufruf) oder 7 Tage (Engaged-View)",0,ABSOLUTE_OCPM,–,–,,13.082281,,,485,1.669444,0.783631,0.43535,18,0.43535,0,,,2,42.9,15.025,2,63,10,2,120251931218920583,112,40,26,9,9,,
2026-02-01,2026-09-30,"tiktok video I lumaloveit 07",not_delivering,,,,27.03.Broad-DE+AT-WM+25+,35,Täglich,0,0,,,0,"7 Tage (Klick), 1 Tag (Aufruf) oder 7 Tage (Engaged-View)",0,ABSOLUTE_OCPM,–,–,,0,,,,0,0,,0,,0,,,,,,,,,00:00:00,120255727827740583,,,,,,,
2026-02-01,2026-09-30,"tiktok video I tiktokdownloader",not_delivering,4,actions:offsite_conversion.fb_pixel_purchase,45.15,27.03.Broad-DE+AT-WM+25+,35,Täglich,180.6,12612,0.18926419,0.20611646,8237,"7 Tage (Klick), 1 Tag (Aufruf) oder 7 Tage (Engaged-View)",0,ABSOLUTE_OCPM,–,–,4,14.319696,4,0.788981,2387,1.378626,1.038693,0.895972,131,0.895972,4,142.49,45.15,30,620.7,6.02,30,492,113,3,120255728046650583,758,267,154,101,90,,
2026-02-01,2026-09-30,"Bilder tofu",inactive,,,,27.03.Broad-DE+AT-WM+25+,35,Täglich,2.5,260,0,,234,"7 Tage (Klick), 1 Tag (Aufruf) oder 7 Tage (Engaged-View)",0,ABSOLUTE_OCPM,–,–,,9.615385,,,,0.416667,2.307692,0.769231,6,0.769231,0,,,,,,,,2,00:00:00,120255728046660583,,,,,,,
2026-02-01,2026-09-30,"Mazlum Schulstart I Video 1",not_delivering,2,actions:offsite_conversion.fb_pixel_purchase,50.615,18.08.Broad-DE+AT-WM+25+,35,Täglich,101.23,7594,0.13655518,0.14271938,5943,"7 Tage (Klick), 1 Tag (Aufruf) oder 7 Tage (Engaged-View)",0,ABSOLUTE_OCPM,–,–,2,13.330261,2,0.678653,1037,1.840545,0.724256,0.592573,55,0.579405,2,68.7,50.615,6,142.75,16.871667,6,148,44,2,120255856714550583,92,42,30,22,22,,
2026-02-01,2026-09-30,"Mazlum Schulstart I Video 2",not_delivering,,,,18.08.Broad-DE+AT-WM+25+,35,Täglich,39.38,2359,0.18058499,0.19953052,2123,"7 Tage (Klick), 1 Tag (Aufruf) oder 7 Tage (Engaged-View)",0,ABSOLUTE_OCPM,–,–,,16.693514,,,426,2.625333,0.635863,0.635863,15,0.635863,0,,,,,,,85,15,3,120255856974480583,70,26,14,5,6,,
2026-02-01,2026-09-30,"Mazlum Schulstart I Video 3",not_delivering,,,,18.08.Broad-DE+AT-WM+25+,35,Täglich,42.64,3517,0.14557862,0.19726562,2807,"7 Tage (Klick), 1 Tag (Aufruf) oder 7 Tage (Engaged-View)",0,ABSOLUTE_OCPM,–,–,,12.123969,,,512,1.7056,0.710833,0.568666,25,0.540233,0,,,6,117.75,7.106667,6,101,19,2,120255857020860583,61,22,15,10,8,,
2026-02-01,2026-09-30,"Mazlum Schulstart I Video 4",not_delivering,4,actions:offsite_conversion.fb_pixel_purchase,43.4825,18.08.Broad-DE+AT-WM+25+,20,Täglich,173.93,10196,0.15280502,0.24903723,6907,"7 Tage (Klick), 1 Tag (Aufruf) oder 7 Tage (Engaged-View)",0,ABSOLUTE_OCPM,–,–,4,17.05865,4,0.934801,1558,1.811771,0.941546,0.784621,96,0.774814,4,162.59,43.4825,11,447.5,15.811818,11,388,79,3,120255857092310583,267,125,75,50,41,,
2026-02-01,2026-09-30,"Mazlum Schulstart I Bilder",not_delivering,1,actions:offsite_conversion.fb_pixel_purchase,160.81,18.08.Broad-DE+AT-WM+25+,20,Täglich,160.81,18026,0.00011095,0,8635,"7 Tage (Klick), 1 Tag (Aufruf) oder 7 Tage (Engaged-View)",0,ABSOLUTE_OCPM,Durchschnittlich,Durchschnittlich,1,8.921003,1,0.185312,2,1.329008,0.671253,0.521469,121,0.521469,1,29.8,160.81,11,455.4,14.619091,11,,94,1,120255857354590583,,,,,,,
2026-02-01,2026-09-30,MelissaGutmann-MB-.Hook3-20426-,not_delivering,4,actions:offsite_conversion.fb_pixel_purchase,46.08,"BROAD - MelissaGutmann-MB-.Hook3-20426-",25,Täglich,184.32,12946,0.11323961,0.20873124,8494,"7 Tage (Klick)",0,ABSOLUTE_OCPM,–,–,4,14.237602,4,0.69401,1466,1.375522,1.035069,0.865132,134,0.865132,4,127.92,46.08,13,359.35,14.178462,13,306,112,2,120248309343660583,591,313,152,107,95,,
2026-02-01,2026-09-30,Hook1_MB-Maud-Skript2,not_delivering,1,actions:offsite_conversion.fb_pixel_purchase,94.57,"BROAD - MB-Maud-Skript2",50,Täglich,94.57,5316,0.2831076,0.24385382,4460,"7 Tage (Klick)",0,ABSOLUTE_OCPM,–,–,1,17.789692,1,0.357936,1505,1.087011,1.636569,1.241535,87,1.241535,1,33.85,94.57,7,143.65,13.51,7,367,66,4,120248672336140583,388,154,58,34,26,,
2026-02-01,2026-09-30,Hook2_MB-Maud-Skript2,not_delivering,,,,"BROAD - MB-Maud-Skript2",50,Täglich,3.82,243,0.2345679,0.28070175,229,"7 Tage (Klick)",0,ABSOLUTE_OCPM,–,–,,15.720165,,,57,0.955,1.646091,0.823045,4,0.823045,0,,,,,,,16,2,4,120248672348920583,18,3,1,1,1,,
2026-02-01,2026-09-30,Hook3_MB-Maud-Skript2,not_delivering,,,,"BROAD - MB-Maud-Skript2",50,Täglich,10.3,477,0.27463312,0.17557252,456,"7 Tage (Klick)",0,ABSOLUTE_OCPM,–,–,,21.593291,,,131,5.15,0.419287,0.419287,2,0.419287,0,,,,,,,23,2,4,120248672366550583,26,9,5,3,2,,
2026-02-01,2026-09-30,Hook1_MB-Maud-Skript3,not_delivering,,,,"BROAD - MB-Maud-Skript3",50,Täglich,86.54,6441,0.24654557,0.1070529,5736,"7 Tage (Klick)",0,ABSOLUTE_OCPM,–,–,,13.435802,,,1588,1.46678,0.916007,0.745226,59,0.745226,0,,,,,,,170,48,3,120248672405980583,274,98,46,29,26,,
2026-02-01,2026-09-30,Hook2_MB-Maud-Skript3,not_delivering,,,,"BROAD - MB-Maud-Skript3",50,Täglich,0.73,49,0.40816327,0.15,43,"7 Tage (Klick)",0,ABSOLUTE_OCPM,–,–,,14.897959,,,20,0,0,,0,,0,,,,,,,3,,4,120248672439750583,3,,,,,,
2026-02-01,2026-09-30,Hook3_MB-Maud-Skript3,not_delivering,,,,"BROAD - MB-Maud-Skript3",50,Täglich,16.52,1010,0.29108911,0.20408163,832,"7 Tage (Klick)",0,ABSOLUTE_OCPM,–,–,,16.356436,,,294,0.869474,1.881188,1.881188,19,1.881188,0,,,,,,,60,19,4,120248672447970583,71,32,26,20,20,,
2026-02-01,2026-09-30,"Hook1_Magische Übungshefte-Irina Strem",not_delivering,1,actions:offsite_conversion.fb_pixel_purchase,79.55,"BROAD - Magische Übungshefte-Irina Strem",50,Täglich,79.55,8018,0.14230481,0.19368975,6439,"7 Tage (Klick)",0,ABSOLUTE_OCPM,–,–,1,9.921427,1,0.425519,1141,0.846277,1.172362,0.785732,94,0.785732,1,33.85,79.55,6,194.7,13.258333,6,221,63,2,120248672460460583,345,153,107,65,56,,
2026-02-01,2026-09-30,"Hook2_Magische Übungshefte-Irina Strem",not_delivering,,,,"BROAD - Magische Übungshefte-Irina Strem",50,Täglich,19.06,970,0.12886598,0.184,803,"7 Tage (Klick)",0,ABSOLUTE_OCPM,–,–,,19.649485,,,125,1.19125,1.649485,1.030928,16,1.030928,0,,,,,,,23,10,2,120248672477820583,28,15,11,8,7,,
2026-02-01,2026-09-30,"Hook3_Magische Übungshefte-Irina Strem – Kopie",not_delivering,,,,"BROAD - Magische Übungshefte-Irina Strem",50,Täglich,4.27,219,0.1369863,0.33333333,202,"7 Tage (Klick)",0,ABSOLUTE_OCPM,–,–,,19.497717,,,30,2.135,0.913242,0.456621,2,0.456621,0,,,,,,,10,1,3,120248672522930583,10,8,4,4,3,,
2026-02-01,2026-09-30,Janaschreiber-Hook1,not_delivering,4,actions:offsite_conversion.fb_pixel_purchase,33.0075,"BROAD - Tofu-Jana-schreiber-MB",35,Täglich,132.03,8109,0.17104452,0.22422495,5736,"7 Tage (Klick)",0,ABSOLUTE_OCPM,–,–,4,16.281909,4,0.95804,1387,1.571786,1.035886,0.801578,84,0.801578,4,126.49,33.0075,14,306.3,9.430714,14,311,65,3,120248787089650583,421,254,154,95,87,,
2026-02-01,2026-09-30,Janaschreiber-Hook2,not_delivering,,,,"BROAD - Tofu-Jana-schreiber-MB – Kopie",35,Täglich,27.31,1565,0.11693291,0.21857923,1438,"7 Tage (Klick)",0,ABSOLUTE_OCPM,–,–,,17.450479,,,183,1.606471,1.086262,0.894569,17,0.894569,0,,,1,29.95,27.31,1,40,14,2,120248787532390583,38,24,15,13,12,,
2026-02-01,2026-09-30,Janaschreiber-Hook3,not_delivering,,,,"BROAD - Tofu-Jana-schreiber-MB – Kopie 2",35,Täglich,30.3,1186,0.14333895,0.18235294,1091,"7 Tage (Klick)",0,ABSOLUTE_OCPM,–,–,,25.548061,,,170,1.782353,1.43339,0.758853,17,0.758853,0,,,,,,,31,9,3,120248787626800583,17,5,3,1,1,,
2026-02-01,2026-09-30,Janaschreiber-Hook4,not_delivering,2,actions:offsite_conversion.fb_pixel_purchase,66.02,"BROAD - Tofu-Jana-schreiber-MB – Kopie 3",35,Täglich,132.04,4821,0.16386642,0.2443038,3605,"7 Tage (Klick)",0,ABSOLUTE_OCPM,–,–,2,27.388509,2,0.581945,790,1.6505,1.659407,1.057872,80,1.057872,2,76.84,66.02,15,297.71,8.802667,15,193,51,3,120248787794800583,112,64,37,19,16,,
2026-02-01,2026-09-30,Janaschreiber-Hook5,not_delivering,2,actions:offsite_conversion.fb_pixel_purchase,66.61,"BROAD - Tofu-Jana-schreiber-MB –",35,Täglich,133.22,7367,0.19397312,0.20153954,5647,"7 Tage (Klick)",0,ABSOLUTE_OCPM,–,–,2,18.083345,2,0.726618,1429,1.074355,1.683182,0.923035,124,0.923035,2,96.8,66.61,10,211.91,13.322,10,288,68,3,120248787873710583,326,122,73,50,39,,
2026-02-01,2026-09-30,Janaschreiber-Hook6,not_delivering,,,,"BROAD - Tofu-Jana-schreiber-MB –",35,Täglich,26.16,879,0.18430034,0.18518519,781,"7 Tage (Klick)",0,ABSOLUTE_OCPM,–,–,,29.761092,,,162,1.635,1.82025,0.910125,16,0.910125,0,,,1,29.95,26.16,1,30,8,3,120248787934410583,31,16,13,8,7,,
2026-02-01,2026-09-30,"Irina Strem-3dstift-Hook2",not_delivering,,,,"BROAD - Tofu-Iranastream 16.04.26",55,Täglich,0,0,,,0,"7 Tage (Klick)",0,ABSOLUTE_OCPM,–,–,,0,,,,0,0,,0,,0,,,,,,,,,00:00:00,120248883471730583,,,,,,,
2026-02-01,2026-09-30,"Irina Strem-3dstift-Hook3",not_delivering,,,,"BROAD - Tofu-Iranastream 16.04.26",55,Täglich,0,0,,,0,"7 Tage (Klick)",0,ABSOLUTE_OCPM,–,–,,0,,,,0,0,,0,,0,,,,,,,,,00:00:00,120248884950670583,,,,,,,
2026-02-01,2026-09-30,"Irina Strem-3dstift-Hook1",not_delivering,,,,"BROAD - Tofu-Iranastream 16.04.26",55,Täglich,0,0,,,0,"7 Tage (Klick)",0,ABSOLUTE_OCPM,–,–,,0,,,,0,0,,0,,0,,,,,,,,,00:00:00,120248886195450583,,,,,,,
2026-02-01,2026-09-30,"stefanie diana",not_delivering,,,,"BROAD - Tofu-stefaniediana-MB –",35,Täglich,56.09,4748,0.17649537,0.12291169,4137,"7 Tage (Klick)",0,ABSOLUTE_OCPM,–,–,,11.813395,,,838,0.862923,1.368997,0.758214,65,0.758214,0,,,1,29.95,56.09,1,103,36,2,120248886437460583,110,38,23,16,13,,
2026-02-01,2026-09-30,Christina-Braun-3dstift-hook2,not_delivering,,,,"BROAD - Tofu-christinabraun 16.04.26",55,Täglich,0,0,,,0,"7 Tage (Klick)",0,ABSOLUTE_OCPM,–,–,,0,,,,0,0,,0,,0,,,,,,,,,00:00:00,120248887472660583,,,,,,,
2026-02-01,2026-09-30,Christina-Braun-3dstift-hook3,not_delivering,,,,"BROAD - Tofu-christinabraun 16.04.26",55,Täglich,0,0,,,0,"7 Tage (Klick)",0,ABSOLUTE_OCPM,–,–,,0,,,,0,0,,0,,0,,,,,,,,,00:00:00,120248887767850583,,,,,,,
2026-02-01,2026-09-30,Christina-Braun-3dstift-hook1,not_delivering,,,,"BROAD - Tofu-christinabraun 16.04.26",55,Täglich,0,0,,,0,"7 Tage (Klick)",0,ABSOLUTE_OCPM,–,–,,0,,,,0,0,,0,,0,,,,,,,,,00:00:00,120248888198530583,,,,,,,
2026-02-01,2026-09-30,"stefanie diana GT",not_delivering,24,actions:offsite_conversion.fb_pixel_purchase,44.43416667,"BROAD - Diana GT-16.04.2026",45,Täglich,1066.42,82880,0.14017857,0.18032364,51981,"7 Tage (Klick), 1 Tag (Aufruf) oder 7 Tage (Engaged-View)",0,ABSOLUTE_OCPM,–,–,24,12.867037,24,1.077324,11618,1.244364,1.034025,0.693774,857,0.696187,24,1148.88,44.434167,113,3311.82,9.437345,113,2095,577,2,120248888819410583,3036,1262,649,338,314,,
2026-02-01,2026-09-30,"Christina Braun - GT- hook 2",not_delivering,2,actions:offsite_conversion.fb_pixel_purchase,45.02,"BROAD - DE+AT + Max Conv. 18.04.26",35,Täglich,90.04,5635,0.26406389,0.11962366,3865,"7 Tage (Klick), 1 Tag (Aufruf) oder 7 Tage (Engaged-View)",0,ABSOLUTE_OCPM,–,–,2,15.978705,2,0.651932,1488,0.865769,1.845608,0.816327,104,0.816327,2,58.7,45.02,2,47.4,45.02,2,178,46,3,120249017050680583,194,75,34,18,17,,
2026-02-01,2026-09-30,260321_Video_Tiktok_V1,not_delivering,3,actions:offsite_conversion.fb_pixel_purchase,45.08,"BROAD - 260321_Video_Tiktok_V1 – Kopie",25,Täglich,135.24,15032,0.68214476,0.13458163,14472,"7 Tage (Klick)",0,ABSOLUTE_OCPM,–,–,3,8.996807,3,0.750887,10254,1.218378,0.738425,0.485631,111,0.485631,3,101.55,45.08,4,119.8,33.81,4,1380,73,7,120247997047940583,2835,1050,364,236,217,,
2026-02-01,2026-09-30,260321_Video_Tiktok_V5,not_delivering,11,actions:offsite_conversion.fb_pixel_purchase,38.62090909,"BROAD - 260321_Video_Tiktok_V5 – Kopie",55,Täglich,424.83,49836,0.18751505,0.21915463,43317,"7 Tage (Klick)",0,ABSOLUTE_OCPM,–,–,11,8.524561,11,0.876351,9345,1.106328,0.770527,0.666185,384,0.666185,11,372.3,38.620909,32,767,13.275938,32,2048,332,2,120247997048080583,3431,1753,607,421,401,,
2026-02-01,2026-09-30,260321_Video_Tiktok_V9,not_delivering,3,actions:offsite_conversion.fb_pixel_purchase,76.39666667,"BROAD - 260321_Video_Tiktok_V9 – Kopie",25,Täglich,229.19,34061,0.36631338,0.3280436,32098,"7 Tage (Klick)",0,ABSOLUTE_OCPM,–,–,3,6.72881,3,0.442864,12477,1.081085,0.622413,0.51672,212,0.51672,3,101.5,76.396667,21,478.23,10.91381,21,4093,176,5,120247997048090583,7182,2822,906,714,628,,
2026-02-01,2026-09-30,260321_Video_Tiktok_V3,not_delivering,11,actions:offsite_conversion.fb_pixel_purchase,32.15363636,"BROAD - 260321_Video_Tiktok_V3 – Kopie",25,Täglich,353.69,32812,0.27940997,0.21378709,25593,"7 Tage (Klick)",0,ABSOLUTE_OCPM,–,–,11,10.779288,11,1.213294,9168,0.890907,1.209923,0.987444,397,0.987444,11,429.13,32.153636,89,1923.89,3.974045,89,1960,324,4,120247997048120583,2198,1148,631,439,404,,
2026-02-01,2026-09-30,MelissaGutmann-MB-.Hook1-20426-,not_delivering,,,,"BROAD - MelissaGutmann-MB-.Hook1-20426-",25,Täglich,44.47,2551,0.19286554,0.18292683,2037,"7 Tage (Klick)",0,ABSOLUTE_OCPM,–,–,,17.432379,,,492,1.389688,1.25441,1.058408,32,1.058408,0,,,,,,,90,27,4,120248309304590583,227,111,63,52,48,,
2026-02-01,2026-09-30,MelissaGutmann-MB-.Hook2-20426-,not_delivering,8,actions:offsite_conversion.fb_pixel_purchase,23.25875,"BROAD - MelissaGutmann-MB-.Hook2-20426-",25,Täglich,186.07,13385,0.1722077,0.17396963,7642,"7 Tage (Klick)",0,ABSOLUTE_OCPM,–,–,8,13.901382,8,1.440426,2305,1.022363,1.359731,1.128129,182,1.128129,8,268.02,23.25875,54,1108.65,3.445741,54,401,151,3,120248309328350583,1192,578,301,221,209,,
